{"stats":{"minecraft:killed_by":{"minecraft:creeper":2,"minecraft:zombie":11,"minecraft:player":11,"iceandfire:deathworm":1,"minecraft:stray":1,"iceandfire:gorgon":2,"minecraft:skeleton":12},"minecraft:dropped":{"sophisticatedbackpacks:iron_backpack":1,"minecraft:gold_ore":3,"minecraft:iron_sword":6,"minecraft:soul_sand":6,"minecraft:lapis_lazuli":67,"minecraft:baked_potato":1,"iceandfire:armor_bronze_helmet":1,"minecraft:glass_bottle":4,"minecraft:diamond":7,"minecraft:cooked_porkchop":1,"minecraft:leather":5,"relics:spider_necklace":1,"iceandfire:ectoplasm":4,"minecraft:fletching_table":1,"prehistoricfauna:siltstone":1,"minecraft:rail":9,"minecraft:flint":2,"minecraft:emerald":1,"minecraft:leather_helmet":3,"minecraft:music_disc_13":2,"minecraft:red_mushroom":1,"sophisticatedbackpacks:gold_backpack":6,"minecraft:cobblestone_stairs":1,"minecraft:cyan_terracotta":2,"iceandfire:copper_ingot":1,"minecraft:dirt":48,"iceandfire:dragonscales_red":14,"iceandfire:dragonsteel_ice_sword":2,"minecraft:chain":3,"minecraft:gold_nugget":9,"minecraft:sand":44,"minecraft:glistering_melon_slice":8,"minecraft:iron_pickaxe":3,"prehistoricfauna:cretaceous_fossil":2,"ars_nouveau:wilden_horn":1,"minecraft:white_wool":1,"minecraft:gold_ingot":21,"minecraft:bone":129,"minecraft:stone_axe":5,"minecraft:polished_andesite_slab":11,"minecraft:iron_nugget":7,"minecraft:cooked_chicken":4,"minecraft:golden_chestplate":13,"minecraft:wheat":7,"minecraft:obsidian":1,"minecraft:rotten_flesh":377,"minecraft:oak_planks":207,"minecraft:enchanted_golden_apple":1,"prehistoricfauna:sandstone":4,"minecraft:white_bed":1,"iceandfire:copper_ore":2,"minecraft:carrot":8,"minecraft:chainmail_chestplate":3,"minecraft:rabbit_hide":1,"turtlemancy:turtle_curse":6,"minecraft:gunpowder":9,"extraarmor:bone_helmet":2,"mysticalagriculture:inferium_essence":46,"minecraft:quartz_block":3,"minecraft:chainmail_boots":1,"minecraft:leather_boots":1,"minecraft:chest":2,"minecraft:leather_leggings":2,"minecraft:iron_ore":56,"minecraft:red_nether_bricks":3,"minecraft:iron_bars":11,"minecraft:arrow":191,"relics:spatial_sign":1,"iceandfire:manuscript":5,"extraarmor:bone_leggings":1,"minecraft:enchanted_book":2,"minecraft:golden_boots":1,"minecraft:iron_ingot":37,"minecraft:bread":20,"minecraft:wheat_seeds":13,"ars_nouveau:pierce_arrow":30,"minecraft:golden_helmet":3,"minecraft:clock":1,"iceandfire:armor_green_leggings":1,"minecraft:mossy_cobblestone":10,"minecraft:golden_axe":1,"minecraft:iron_helmet":4,"minecraft:feather":11,"minecraft:oak_fence":6,"minecraft:cobblestone":5,"minecraft:apple":3,"minecraft:chainmail_helmet":1,"minecraft:coal":24,"minecraft:golden_apple":2,"minecraft:stick":10,"minecraft:polished_andesite":3,"minecraft:cobweb":6,"ars_nouveau:worn_notebook":2,"minecraft:gray_wool":3,"minecraft:diorite":1,"minecraft:brewing_stand":1,"minecraft:torch":2,"artifacts:plastic_drinking_hat":1,"prehistoricfauna:paleontology_table":1,"minecraft:diamond_helmet":2,"minecraft:potion":1,"minecraft:iron_leggings":7,"minecraft:polished_andesite_stairs":5,"minecraft:iron_axe":1,"artifacts:feral_claws":1,"minecraft:chainmail_leggings":1,"minecraft:iron_shovel":1,"minecraft:paper":5,"minecraft:string":47,"minecraft:music_disc_cat":1,"minecraft:redstone":58,"ars_nouveau:wilden_wing":2,"minecraft:redstone_block":1,"minecraft:stone_brick_slab":3,"iceandfire:armor_red_chestplate":1,"minecraft:coarse_dirt":10,"minecraft:nether_wart":18,"minecraft:stone_sword":4,"minecraft:smooth_stone_slab":7,"ars_nouveau:archwood_planks":4,"extraarmor:bone_boots":2,"iceandfire:witherbone":2,"iceandfire:armor_bronze_boots":1,"iceandfire:silver_ore":11,"minecraft:iron_boots":4,"sophisticatedbackpacks:backpack":11,"minecraft:name_tag":2,"minecraft:nether_bricks":4,"minecraft:filled_map":1,"minecraft:diamond_sword":2,"minecraft:cobblestone_slab":7,"minecraft:sea_pickle":2,"iceandfire:rotten_egg":1,"minecraft:iron_chestplate":7,"minecraft:andesite":2,"minecraft:mossy_stone_bricks":1,"iceandfire:silver_ingot":1,"minecraft:oak_boat":1,"minecraft:golden_leggings":10,"minecraft:oak_sapling":6,"minecraft:golden_sword":1,"minecraft:spider_eye":14,"minecraft:barrel":1,"minecraft:sandstone":1,"minecraft:bow":4,"minecraft:stone_pickaxe":3,"minecraft:wooden_pickaxe":1,"extraarmor:bone_chestplate":1,"minecraft:magma_block":12,"minecraft:brick":10,"iceandfire:chared_stone":29},"minecraft:broken":{"extraarmor:bone_chestplate":1,"extraarmor:bone_boots":1,"extraarmor:oak_wood_chestplate":1,"extraarmor:bone_leggings":1,"extraarmor:oak_wood_leggings":1,"minecraft:stone_axe":1,"extraarmor:oak_wood_helmet":1,"minecraft:iron_pickaxe":2,"extraarmor:oak_wood_boots":1,"extraarmor:bone_helmet":1},"minecraft:mined":{"minecraft:white_bed":1,"minecraft:brewing_stand":1,"minecraft:obsidian":7,"minecraft:acacia_log":5,"minecraft:grass_block":11,"minecraft:coal_block":4,"minecraft:spawner":30,"minecraft:nether_wart":13,"minecraft:mossy_cobblestone_stairs":1,"minecraft:iron_ore":75,"minecraft:barrel":1,"minecraft:fire":2,"minecraft:nether_brick_stairs":1,"minecraft:azure_bluet":2,"iceandfire:gold_pile":1,"minecraft:iron_bars":16,"minecraft:quartz_block":2,"minecraft:cyan_terracotta":1,"minecraft:torch":1,"minecraft:blast_furnace":1,"minecraft:polished_andesite_stairs":6,"minecraft:chest":35,"minecraft:cobblestone":69,"minecraft:oak_planks":4,"minecraft:wall_torch":2,"minecraft:skeleton_skull":1,"prehistoricfauna:chalk_fossil":2,"minecraft:stone_brick_stairs":1,"minecraft:smooth_stone_slab":10,"minecraft:tnt":1,"minecraft:infested_mossy_stone_bricks":1,"minecraft:grass":32,"minecraft:oak_log":57,"prehistoricfauna:chalk":1,"minecraft:sand":12,"minecraft:dirt":13,"minecraft:sandstone_wall":2,"minecraft:netherrack":2,"minecraft:oak_leaves":53,"minecraft:diamond_ore":7,"iceandfire:silver_ore":11,"minecraft:mossy_cobblestone":10,"minecraft:nether_bricks":10,"minecraft:redstone_wire":1,"minecraft:sandstone":56,"minecraft:hay_block":17,"minecraft:redstone_ore":15,"minecraft:furnace":2,"iceandfire:copper_ore":2,"minecraft:chiseled_sandstone":1,"minecraft:andesite":4,"minecraft:gold_block":1,"minecraft:bookshelf":2,"minecraft:vine":6,"minecraft:cobblestone_slab":5,"minecraft:rail":1,"minecraft:stone":229,"minecraft:redstone_block":1,"minecraft:stone_brick_slab":7,"minecraft:crafting_table":3,"minecraft:emerald_ore":3,"minecraft:tall_grass":4,"minecraft:lapis_ore":27,"minecraft:diorite":4,"minecraft:coarse_dirt":3,"minecraft:sea_pickle":2,"minecraft:coal_ore":122,"minecraft:cobweb":2,"minecraft:cracked_stone_bricks":2,"ars_nouveau:arcane_ore":3,"minecraft:stone_bricks":8,"minecraft:polished_andesite":11,"minecraft:mossy_stone_bricks":11,"minecraft:gold_ore":24,"minecraft:fern":1},"minecraft:picked_up":{"minecraft:iron_chestplate":6,"minecraft:wheat":6,"minecraft:chainmail_boots":1,"minecraft:redstone_block":4,"iceandfire:copper_ore":7,"minecraft:diamond_sword":2,"ars_nouveau:pierce_arrow":1,"minecraft:enchanted_book":17,"minecraft:potion":13,"minecraft:brewing_stand":1,"minecraft:golden_sword":1,"relics:camouflage_ring":1,"iceandfire:manuscript":40,"minecraft:music_disc_cat":2,"minecraft:string":49,"minecraft:smooth_stone_slab":13,"minecraft:red_nether_bricks":3,"minecraft:iron_leggings":6,"ars_nouveau:mana_gem":7,"minecraft:experience_bottle":25,"minecraft:diamond_leggings":1,"minecraft:sea_pickle":2,"mysticalagriculture:inferium_essence":54,"minecraft:gold_nugget":262,"minecraft:cobblestone_slab":10,"minecraft:iron_pickaxe":5,"iceandfire:dragonscales_red":14,"minecraft:enchanted_golden_apple":1,"minecraft:coal_block":5,"iceandfire:armor_bronze_boots":2,"minecraft:iron_boots":4,"minecraft:furnace":2,"minecraft:golden_helmet":2,"minecraft:tipped_arrow":4,"artifacts:universal_attractor":1,"minecraft:stick":23,"minecraft:oak_fence":6,"minecraft:torch":49,"minecraft:acacia_log":5,"iceandfire:silver_ore":32,"minecraft:sandstone_wall":2,"minecraft:porkchop":14,"iceandfire:rotten_egg":1,"extraarmor:bone_helmet":3,"minecraft:diorite":2,"minecraft:golden_chestplate":9,"extraarmor:bone_leggings":2,"relics:rune_of_fire":10,"minecraft:quartz_block":3,"minecraft:stone_sword":2,"minecraft:rotten_flesh":461,"ars_nouveau:worn_notebook":3,"minecraft:cyan_terracotta":2,"minecraft:blaze_rod":5,"minecraft:obsidian":13,"minecraft:iron_bars":22,"minecraft:cobblestone":307,"minecraft:magma_block":12,"minecraft:feather":19,"minecraft:cooked_beef":3,"minecraft:andesite":4,"minecraft:golden_leggings":7,"iceandfire:armor_red_chestplate":2,"prehistoricfauna:sandstone":4,"minecraft:potato":5,"minecraft:flint":12,"minecraft:acacia_boat":1,"relics:rune_of_sun":1,"relics:spider_necklace":1,"minecraft:lapis_lazuli":296,"minecraft:dirt":83,"iceandfire:dragonsteel_ice_sword":3,"minecraft:name_tag":2,"minecraft:leather_boots":1,"minecraft:bone":158,"minecraft:bow":10,"minecraft:wheat_seeds":14,"relics:rune_of_moon":1,"minecraft:mossy_stone_bricks":4,"minecraft:fletching_table":1,"minecraft:diamond_helmet":2,"minecraft:oak_planks":115,"minecraft:cooked_porkchop":4,"minecraft:music_disc_13":4,"minecraft:sand":51,"prehistoricfauna:cretaceous_fossil":2,"minecraft:nether_brick_stairs":1,"sophisticatedbackpacks:iron_backpack":1,"prehistoricfauna:paleontology_table":1,"minecraft:dead_bush":13,"minecraft:chiseled_sandstone":3,"ars_nouveau:wilden_horn":1,"minecraft:barrel":1,"minecraft:mossy_cobblestone":17,"iceandfire:chared_cobblestone":18,"artifacts:plastic_drinking_hat":1,"minecraft:polished_andesite":11,"minecraft:diamond":21,"iceandfire:dragonsteel_ice_axe":1,"minecraft:golden_apple":25,"iceandfire:dragonbone_bow":1,"minecraft:emerald":5,"minecraft:oak_sapling":6,"minecraft:netherrack":17,"iceandfire:dragonbone_arrow":222,"minecraft:diamond_pickaxe":2,"sophisticatedbackpacks:gold_backpack":15,"minecraft:coarse_dirt":10,"minecraft:crafting_table":4,"relics:slime_heart":1,"minecraft:chicken":3,"relics:out_runner":1,"iceandfire:witherbone":2,"minecraft:nether_wart":18,"extraarmor:bone_chestplate":2,"minecraft:leather_leggings":1,"relics:rune_of_water":4,"minecraft:gold_block":1,"minecraft:diamond_horse_armor":1,"minecraft:chain":16,"minecraft:shield":3,"minecraft:brick":25,"ars_nouveau:archwood_planks":4,"minecraft:iron_axe":2,"iceandfire:dragonsteel_ice_pickaxe":1,"iceandfire:armor_green_leggings":2,"artifacts:feral_claws":1,"minecraft:iron_shovel":1,"minecraft:detector_rail":7,"minecraft:beef":10,"minecraft:oak_boat":1,"minecraft:iron_nugget":42,"minecraft:chest":35,"minecraft:egg":31,"minecraft:sandstone":22,"ars_nouveau:ritual_flight":1,"iceandfire:dragonsteel_ice_shovel":1,"iceandfire:dragonscales_green":6,"sophisticatedbackpacks:backpack":11,"artifacts:vampiric_glove":1,"minecraft:carrot":6,"minecraft:redstone":197,"minecraft:tnt":1,"iceandfire:silver_ingot":6,"minecraft:arrow":194,"minecraft:diamond_chestplate":6,"minecraft:beetroot_seeds":4,"minecraft:nether_bricks":48,"relics:spatial_sign":2,"minecraft:diamond_boots":1,"minecraft:hay_block":17,"minecraft:sandstone_stairs":3,"minecraft:gold_ingot":220,"minecraft:glistering_melon_slice":8,"extraarmor:bone_boots":4,"minecraft:mutton":13,"minecraft:skeleton_skull":3,"minecraft:white_wool":13,"minecraft:rail":9,"minecraft:air":0,"minecraft:clock":1,"minecraft:leather":5,"minecraft:red_mushroom":1,"ars_nouveau:wilden_wing":4,"relics:rune_of_love":4,"minecraft:oak_log":56,"minecraft:chainmail_chestplate":4,"artifacts:superstitious_hat":1,"minecraft:golden_boots":1,"minecraft:nether_wart_block":1,"minecraft:gunpowder":9,"minecraft:cobblestone_stairs":1,"minecraft:paper":24,"minecraft:cooked_mutton":8,"minecraft:apple":1,"minecraft:stone_bricks":12,"minecraft:rabbit_hide":1,"minecraft:iron_ingot":257,"minecraft:stone_pickaxe":4,"minecraft:iron_ore":159,"minecraft:cobweb":9,"minecraft:glass_bottle":4,"minecraft:iron_sword":14,"iceandfire:fire_dragon_flesh":10,"minecraft:soul_sand":6,"minecraft:book":7,"iceandfire:chared_stone":32,"minecraft:polished_andesite_stairs":9,"iceandfire:armor_bronze_helmet":2,"minecraft:stone_brick_slab":5,"minecraft:blast_furnace":2,"minecraft:white_bed":1,"minecraft:gold_ore":23,"prehistoricfauna:siltstone":1,"minecraft:spider_eye":17,"minecraft:leather_helmet":3,"minecraft:diamond_shovel":2,"minecraft:pumpkin_seeds":7,"minecraft:stone_axe":3,"minecraft:iron_helmet":4,"minecraft:diamond_axe":1,"minecraft:gray_wool":3,"minecraft:baked_potato":1,"minecraft:coal":336,"minecraft:ender_pearl":4,"ars_nouveau:mana_berry":2},"minecraft:custom":{"minecraft:interact_with_crafting_table":34,"minecraft:open_barrel":1,"minecraft:leave_game":9,"minecraft:time_since_death":24829,"minecraft:sprint_one_cm":986985,"minecraft:damage_blocked_by_shield":1479,"minecraft:drop":1441,"minecraft:deaths":43,"minecraft:jump":4710,"minecraft:interact_with_brewingstand":1,"minecraft:walk_on_water_one_cm":32128,"minecraft:interact_with_furnace":86,"minecraft:play_one_minute":476338,"minecraft:sleep_in_bed":7,"minecraft:damage_dealt":68283,"minecraft:player_kills":23,"minecraft:crouch_one_cm":24679,"minecraft:interact_with_smithing_table":2,"minecraft:interact_with_anvil":5,"minecraft:mob_kills":420,"minecraft:damage_dealt_resisted":189,"minecraft:climb_one_cm":2473,"minecraft:walk_one_cm":770809,"minecraft:damage_dealt_absorbed":196,"minecraft:sneak_time":16094,"minecraft:walk_under_water_one_cm":4999,"minecraft:boat_one_cm":306910,"minecraft:interact_with_blast_furnace":22,"minecraft:interact_with_grindstone":1,"minecraft:time_since_rest":24867,"minecraft:damage_absorbed":224,"minecraft:damage_taken":2147483647,"minecraft:trigger_trapped_chest":3,"minecraft:swim_one_cm":3449,"minecraft:fly_one_cm":811904,"minecraft:open_chest":216,"minecraft:fall_one_cm":110392},"minecraft:crafted":{"extraarmor:oak_wood_helmet":1,"minecraft:oak_planks":220,"minecraft:cooked_chicken":6,"minecraft:cooked_mutton":6,"minecraft:bow":1,"minecraft:chest":6,"minecraft:cooked_porkchop":14,"minecraft:crafting_table":3,"minecraft:baked_potato":15,"minecraft:stick":36,"minecraft:iron_ingot":92,"minecraft:iron_pickaxe":2,"minecraft:stone_sword":2,"minecraft:gold_ingot":63,"extraarmor:oak_wood_leggings":1,"minecraft:redstone":27,"minecraft:coal":45,"minecraft:furnace":2,"minecraft:polished_andesite_slab":12,"extraarmor:oak_wood_chestplate":1,"minecraft:stone_pickaxe":1,"extraarmor:oak_wood_boots":1,"minecraft:wheat":153,"minecraft:cooked_beef":10,"iceandfire:copper_ingot":5,"iceandfire:silver_ingot":21,"minecraft:iron_sword":4,"minecraft:acacia_boat":1,"minecraft:bread":52,"minecraft:air":0,"minecraft:oak_boat":1,"minecraft:golden_apple":2,"minecraft:white_bed":2,"minecraft:acacia_planks":16,"minecraft:torch":88},"minecraft:killed":{"minecraft:cave_spider":3,"minecraft:zombified_piglin":1,"iceandfire:gorgon":1,"minecraft:spider":19,"minecraft:skeleton":69,"minecraft:chicken":3,"artifacts:mimic":1,"minecraft:magma_cube":2,"minecraft:pig":9,"minecraft:creeper":3,"minecraft:sheep":9,"minecraft:zombie":232,"minecraft:stray":10,"minecraft:blaze":3,"minecraft:cow":4,"ars_nouveau:sylph":1,"iceandfire:fire_dragon":1,"minecraft:drowned":1,"ars_nouveau:wilden_stalker":3,"iceandfire:ghost":1,"minecraft:wither_skeleton":2,"minecraft:enderman":2},"minecraft:used":{"minecraft:chest":9,"minecraft:shield":50,"minecraft:iron_sword":330,"minecraft:nether_bricks":5,"minecraft:carrot":15,"minecraft:polished_andesite_stairs":4,"minecraft:bow":43,"minecraft:furnace":4,"minecraft:egg":3,"minecraft:mossy_stone_bricks":2,"minecraft:diorite":1,"minecraft:stone_pickaxe":184,"minecraft:oak_planks":1,"minecraft:sandstone":9,"minecraft:diamond_axe":70,"minecraft:white_wool":6,"minecraft:golden_apple":7,"minecraft:sand":7,"minecraft:blast_furnace":1,"minecraft:chiseled_sandstone":1,"minecraft:bread":33,"minecraft:polished_andesite_slab":1,"minecraft:diamond_sword":816,"minecraft:andesite":1,"minecraft:smooth_stone_slab":6,"minecraft:oak_boat":1,"minecraft:experience_bottle":25,"minecraft:stone_sword":197,"minecraft:cooked_chicken":2,"minecraft:torch":406,"minecraft:dirt":10,"iceandfire:dragonsteel_ice_pickaxe":1,"minecraft:stone_brick_slab":2,"minecraft:iron_axe":17,"minecraft:cooked_beef":9,"sophisticatedbackpacks:gold_backpack":1,"minecraft:cooked_mutton":7,"minecraft:acacia_boat":1,"minecraft:sandstone_stairs":3,"minecraft:baked_potato":7,"minecraft:polished_andesite":2,"minecraft:cobblestone_slab":3,"minecraft:mossy_cobblestone":7,"minecraft:crafting_table":6,"minecraft:white_bed":1,"minecraft:diamond_pickaxe":242,"iceandfire:dragonbone_bow":1,"minecraft:iron_pickaxe":494,"iceandfire:dragonsteel_ice_axe":2,"iceandfire:dragonsteel_ice_sword":5,"minecraft:stone_axe":257,"minecraft:cobblestone":219,"minecraft:cooked_porkchop":14}},"DataVersion":2586}