{"stats":{"minecraft:mined":{"minecraft:white_bed":2,"minecraft:cobblestone_stairs":2,"minecraft:red_nether_bricks":1,"minecraft:brewing_stand":1,"minecraft:obsidian":13,"minecraft:granite":6,"minecraft:grass_block":17,"minecraft:coal_block":8,"minecraft:chiseled_stone_bricks":1,"minecraft:spawner":60,"minecraft:nether_wart":26,"mysticalagriculture:inferium_ore":12,"minecraft:mossy_cobblestone_stairs":12,"minecraft:iron_ore":115,"minecraft:sticky_piston":1,"minecraft:barrel":1,"prehistoricfauna:sandstone_fossil":2,"minecraft:anvil":1,"minecraft:fletching_table":1,"minecraft:nether_brick_stairs":8,"ars_nouveau:red_archwood_log":12,"prehistoricfauna:siltstone":3,"minecraft:iron_bars":19,"turtlemancy:oyster_sand":1,"minecraft:quartz_block":12,"minecraft:cyan_terracotta":5,"minecraft:soul_lantern":1,"minecraft:torch":1,"prehistoricfauna:sandstone":6,"minecraft:polished_andesite_stairs":13,"minecraft:chest":43,"minecraft:dead_bush":2,"minecraft:cobblestone":132,"minecraft:damaged_anvil":1,"minecraft:oak_planks":10,"minecraft:sugar_cane":35,"minecraft:skeleton_skull":1,"minecraft:chain":9,"prehistoricfauna:chalk_fossil":1,"minecraft:stone_brick_stairs":1,"minecraft:wheat":2,"mysticalagriculture:soulium_ore":2,"minecraft:potted_poppy":2,"minecraft:smooth_stone_slab":9,"minecraft:wither_rose":1,"minecraft:grass":121,"minecraft:oak_log":36,"minecraft:dirt":21,"minecraft:sand":28,"minecraft:netherrack":9,"minecraft:oak_leaves":28,"minecraft:diamond_ore":7,"prehistoricfauna:siltstone_fossil":1,"iceandfire:silver_ore":12,"minecraft:mossy_cobblestone":47,"prehistoricfauna:paleontology_table":1,"minecraft:nether_bricks":10,"minecraft:lever":1,"minecraft:redstone_wire":1,"iceandfire:chared_dirt":1,"minecraft:sandstone":5,"minecraft:large_fern":1,"minecraft:redstone_ore":17,"minecraft:furnace":11,"iceandfire:copper_ore":3,"minecraft:chiseled_sandstone":6,"iceandfire:chared_gravel":2,"minecraft:andesite":17,"minecraft:vine":4,"minecraft:mossy_stone_brick_stairs":2,"minecraft:bookshelf":19,"minecraft:cobblestone_slab":33,"minecraft:lantern":2,"minecraft:stripped_oak_log":3,"minecraft:stone":144,"ars_nouveau:purple_archwood_log":17,"minecraft:smithing_table":1,"minecraft:redstone_block":1,"minecraft:soul_sand":17,"minecraft:stone_brick_slab":8,"minecraft:smooth_sandstone":1,"minecraft:crafting_table":8,"minecraft:tall_grass":19,"minecraft:diorite":7,"minecraft:air":4,"minecraft:coarse_dirt":14,"minecraft:sea_pickle":2,"minecraft:coal_ore":80,"minecraft:gravel":9,"minecraft:cobweb":2,"minecraft:cracked_stone_bricks":7,"ars_nouveau:arcane_ore":2,"minecraft:stone_bricks":18,"minecraft:polished_andesite":18,"minecraft:gold_ore":17,"minecraft:mossy_stone_bricks":12,"minecraft:chipped_anvil":1},"minecraft:custom":{"minecraft:interact_with_crafting_table":91,"minecraft:open_barrel":1,"minecraft:bell_ring":1,"minecraft:leave_game":5,"minecraft:time_since_death":289,"minecraft:sprint_one_cm":1171537,"minecraft:damage_blocked_by_shield":933,"minecraft:drop":794,"minecraft:talked_to_villager":6,"minecraft:deaths":71,"minecraft:jump":5380,"minecraft:walk_on_water_one_cm":99187,"minecraft:interact_with_furnace":109,"minecraft:play_one_minute":378775,"minecraft:sleep_in_bed":5,"minecraft:damage_dealt":78128,"minecraft:player_kills":11,"minecraft:crouch_one_cm":46898,"minecraft:interact_with_anvil":13,"minecraft:mob_kills":432,"minecraft:damage_dealt_resisted":723,"minecraft:climb_one_cm":3783,"minecraft:walk_one_cm":730489,"minecraft:damage_dealt_absorbed":23,"minecraft:sneak_time":20523,"minecraft:walk_under_water_one_cm":23184,"minecraft:boat_one_cm":132626,"minecraft:interact_with_blast_furnace":2,"minecraft:interact_with_grindstone":2,"minecraft:time_since_rest":318,"minecraft:damage_absorbed":81,"minecraft:damage_taken":2147483647,"minecraft:trigger_trapped_chest":3,"minecraft:swim_one_cm":204481,"minecraft:fly_one_cm":1273882,"minecraft:open_chest":259,"minecraft:fall_one_cm":185153},"minecraft:crafted":{"extraarmor:oak_wood_helmet":1,"minecraft:oak_planks":148,"minecraft:cobblestone_slab":30,"ars_nouveau:archwood_planks":24,"minecraft:cooked_chicken":1,"minecraft:cooked_mutton":34,"minecraft:stone_brick_slab":6,"minecraft:bow":1,"minecraft:chest":7,"minecraft:oak_button":4,"extraarmor:bone_helmet":7,"sophisticatedbackpacks:backpack":4,"minecraft:crafting_table":16,"minecraft:wooden_pickaxe":1,"minecraft:baked_potato":4,"minecraft:birch_planks":4,"minecraft:diamond_pickaxe":2,"minecraft:shield":2,"minecraft:stick":52,"minecraft:iron_pickaxe":6,"minecraft:iron_ingot":88,"minecraft:iron_block":3,"minecraft:stone_sword":4,"minecraft:gold_ingot":16,"extraarmor:bone_chestplate":5,"extraarmor:oak_wood_leggings":1,"extraarmor:bone_boots":7,"minecraft:furnace":6,"ars_nouveau:novice_spell_book":1,"minecraft:leather":8,"minecraft:iron_axe":3,"extraarmor:oak_wood_chestplate":1,"minecraft:stone_pickaxe":5,"extraarmor:oak_wood_boots":1,"sophisticatedbackpacks:iron_backpack":5,"minecraft:cooked_beef":4,"minecraft:iron_sword":6,"sophisticatedbackpacks:gold_backpack":6,"minecraft:stone_axe":6,"minecraft:air":0,"minecraft:oak_boat":2,"minecraft:iron_shovel":1,"minecraft:anvil":1,"extraarmor:bone_leggings":5},"minecraft:killed":{"minecraft:cave_spider":2,"iceandfire:hippogryph":2,"minecraft:spider":22,"minecraft:skeleton":63,"minecraft:chicken":5,"minecraft:silverfish":1,"artifacts:mimic":3,"minecraft:pig":6,"minecraft:zombie_villager":2,"minecraft:iron_golem":2,"minecraft:creeper":2,"iceandfire:cockatrice":1,"minecraft:sheep":17,"minecraft:zombie":239,"minecraft:stray":5,"minecraft:blaze":2,"minecraft:cow":10,"iceandfire:fire_dragon":2,"iceandfire:siren":1,"ars_nouveau:summon_wolf":5,"minecraft:drowned":7,"iceandfire:deathworm":1,"minecraft:husk":1,"ars_nouveau:wilden_stalker":5,"iceandfire:ghost":1,"ars_nouveau:wilden_hunter":3,"minecraft:wither_skeleton":5,"minecraft:enderman":1},"minecraft:used":{"minecraft:chest":9,"minecraft:shield":80,"minecraft:iron_sword":714,"minecraft:nether_bricks":1,"minecraft:carrot":3,"minecraft:obsidian":16,"minecraft:cyan_terracotta":1,"minecraft:polished_andesite_stairs":1,"minecraft:stone_bricks":3,"minecraft:golden_sword":32,"minecraft:furnace":17,"minecraft:potato":1,"minecraft:mossy_stone_bricks":7,"minecraft:diorite":3,"minecraft:stone_pickaxe":237,"minecraft:oak_planks":46,"minecraft:wooden_pickaxe":17,"minecraft:sandstone":1,"minecraft:sugar_cane":1,"minecraft:golden_apple":2,"minecraft:sand":4,"minecraft:blast_furnace":3,"minecraft:gravel":2,"minecraft:diamond_ore":3,"minecraft:chiseled_sandstone":26,"minecraft:bread":15,"minecraft:diamond_sword":501,"minecraft:fire_charge":1,"iceandfire:dragon_skull_fire":1,"minecraft:grindstone":1,"minecraft:andesite":2,"minecraft:netherite_sword":15,"minecraft:smooth_stone_slab":2,"minecraft:oak_boat":5,"minecraft:coarse_dirt":4,"minecraft:golden_pickaxe":5,"minecraft:stone_sword":353,"minecraft:flint_and_steel":3,"minecraft:experience_bottle":3,"prehistoricfauna:sandstone":2,"minecraft:cooked_chicken":5,"minecraft:torch":96,"minecraft:dirt":39,"minecraft:anvil":11,"minecraft:golden_shovel":3,"minecraft:stone_brick_slab":15,"minecraft:chipped_anvil":1,"minecraft:iron_axe":135,"minecraft:cooked_beef":16,"minecraft:cooked_mutton":27,"minecraft:polished_andesite":3,"minecraft:baked_potato":14,"iceandfire:dread_knight_sword":29,"minecraft:cobblestone_slab":51,"minecraft:mossy_cobblestone":18,"minecraft:crafting_table":20,"minecraft:white_bed":2,"minecraft:diamond_pickaxe":184,"minecraft:apple":3,"minecraft:iron_pickaxe":573,"minecraft:stone_axe":124,"minecraft:potion":1,"minecraft:cobblestone":154,"minecraft:cooked_porkchop":2},"minecraft:picked_up":{"minecraft:iron_chestplate":7,"minecraft:anvil":1,"minecraft:wheat":11,"minecraft:chainmail_boots":1,"minecraft:redstone_block":2,"minecraft:flower_pot":2,"minecraft:prismarine_shard":4,"iceandfire:copper_ore":10,"minecraft:smithing_table":1,"extraarmor:oak_wood_helmet":1,"minecraft:lead":3,"minecraft:diamond_sword":1,"minecraft:enchanted_book":10,"minecraft:wither_rose":2,"minecraft:potion":21,"minecraft:stone_brick_stairs":2,"prehistoricfauna:triassic_fossil":2,"minecraft:brewing_stand":2,"prehistoricfauna:jurassic_fossil":1,"minecraft:music_disc_cat":2,"iceandfire:manuscript":4,"minecraft:string":166,"minecraft:smooth_stone_slab":11,"minecraft:red_nether_bricks":2,"minecraft:iron_leggings":2,"minecraft:sticky_piston":1,"ars_nouveau:mana_gem":5,"minecraft:diamond_leggings":1,"minecraft:sea_pickle":7,"mysticalagriculture:inferium_essence":209,"minecraft:gold_nugget":95,"minecraft:cobblestone_slab":44,"minecraft:iron_pickaxe":2,"minecraft:coal_block":7,"minecraft:enchanted_golden_apple":1,"minecraft:furnace":13,"minecraft:iron_boots":2,"minecraft:diamond_ore":3,"minecraft:golden_helmet":4,"minecraft:tipped_arrow":4,"minecraft:stick":8,"minecraft:oak_fence":3,"minecraft:torch":81,"iceandfire:silver_ore":21,"extraarmor:oak_wood_chestplate":1,"extraarmor:bone_helmet":2,"minecraft:diorite":8,"minecraft:golden_chestplate":4,"relics:rune_of_fire":5,"minecraft:quartz_block":10,"minecraft:stone_sword":4,"minecraft:rotten_flesh":634,"ars_nouveau:worn_notebook":4,"iceandfire:fire_dragon_heart":2,"minecraft:cyan_terracotta":5,"extraarmor:oak_wood_leggings":1,"artifacts:panic_necklace":1,"minecraft:leather_horse_armor":4,"minecraft:blaze_rod":2,"minecraft:obsidian":13,"minecraft:iron_bars":11,"minecraft:cobblestone":300,"minecraft:birch_log":1,"minecraft:leather_chestplate":1,"minecraft:feather":45,"minecraft:cooked_beef":26,"minecraft:andesite":19,"minecraft:golden_leggings":4,"prehistoricfauna:sandstone":6,"minecraft:potato":11,"minecraft:flint":15,"minecraft:lapis_lazuli":193,"minecraft:dirt":95,"minecraft:name_tag":8,"minecraft:leather_boots":2,"minecraft:bone":378,"minecraft:chipped_anvil":1,"turtlemancy:oyster":1,"minecraft:bow":5,"minecraft:wheat_seeds":20,"minecraft:diamond_helmet":1,"mysticalagriculture:soulium_dust":2,"minecraft:mossy_stone_bricks":33,"minecraft:oak_planks":187,"minecraft:mossy_stone_brick_stairs":2,"minecraft:cooked_porkchop":22,"minecraft:music_disc_13":5,"iceandfire:dragon_skull_fire":3,"iceandfire:shiny_scales":5,"minecraft:sand":59,"prehistoricfauna:cretaceous_fossil":6,"sophisticatedbackpacks:iron_backpack":2,"minecraft:nether_brick_stairs":8,"minecraft:fermented_spider_eye":1,"prehistoricfauna:paleontology_table":1,"minecraft:dead_bush":18,"minecraft:chiseled_sandstone":274,"ars_nouveau:wilden_horn":1,"minecraft:barrel":3,"minecraft:mossy_cobblestone":45,"iceandfire:chared_cobblestone":3,"minecraft:polished_andesite":18,"minecraft:diamond":14,"minecraft:soul_lantern":2,"minecraft:granite":3,"minecraft:golden_apple":60,"minecraft:bread":20,"minecraft:emerald":4,"minecraft:chainmail_helmet":2,"iceandfire:gorgon_head":1,"minecraft:oak_sapling":26,"minecraft:netherrack":6,"minecraft:diamond_pickaxe":1,"ars_nouveau:red_archwood_log":16,"sophisticatedbackpacks:gold_backpack":2,"iceandfire:dragon_skull_lightning":2,"minecraft:coarse_dirt":17,"minecraft:crafting_table":8,"minecraft:azure_bluet":2,"iceandfire:witherbone":3,"minecraft:chicken":4,"minecraft:nether_wart":48,"minecraft:golden_pickaxe":2,"extraarmor:bone_chestplate":1,"minecraft:leather_leggings":3,"minecraft:brown_mushroom":1,"minecraft:wooden_pickaxe":2,"relics:rune_of_water":4,"minecraft:diamond_horse_armor":1,"minecraft:chain":11,"minecraft:shield":12,"minecraft:brick":36,"extraarmor:oak_wood_boots":1,"relics:leather_belt":1,"artifacts:feral_claws":1,"minecraft:compass":4,"minecraft:iron_shovel":1,"minecraft:cracked_stone_bricks":10,"minecraft:beef":10,"minecraft:oak_boat":4,"minecraft:iron_nugget":26,"minecraft:poppy":6,"minecraft:minecart":2,"minecraft:sugar_cane":99,"minecraft:chest":51,"minecraft:birch_sapling":3,"minecraft:phantom_membrane":34,"minecraft:egg":29,"minecraft:sandstone":4,"iceandfire:dragonbone":63,"ars_nouveau:purple_archwood_log":44,"minecraft:bowl":10,"sophisticatedbackpacks:backpack":1,"ars_nouveau:split_arrow":26,"minecraft:trident":1,"minecraft:carrot":4,"minecraft:redstone":202,"minecraft:prismarine_crystals":4,"minecraft:iron_horse_armor":2,"artifacts:snorkel":1,"iceandfire:silver_ingot":1,"minecraft:arrow":96,"minecraft:diamond_chestplate":1,"minecraft:nether_bricks":27,"minecraft:diamond_boots":1,"minecraft:hay_block":4,"minecraft:sandstone_stairs":1,"minecraft:saddle":2,"minecraft:gold_ingot":40,"extraarmor:bone_boots":1,"minecraft:rail":5,"minecraft:mutton":27,"minecraft:skeleton_skull":3,"minecraft:white_wool":44,"minecraft:stripped_oak_log":3,"minecraft:clock":2,"minecraft:leather":23,"minecraft:cut_sandstone":150,"minecraft:red_mushroom":15,"minecraft:filled_map":1,"ars_nouveau:wilden_wing":7,"minecraft:oak_log":36,"minecraft:chainmail_chestplate":1,"artifacts:superstitious_hat":1,"iceandfire:ectoplasm":4,"minecraft:golden_boots":2,"minecraft:gunpowder":30,"minecraft:cobblestone_stairs":1,"relics:midnight_robe":1,"minecraft:wooden_hoe":1,"minecraft:paper":38,"minecraft:cooked_mutton":2,"minecraft:apple":7,"minecraft:stone_bricks":15,"minecraft:rabbit_hide":2,"minecraft:iron_ingot":44,"minecraft:stone_pickaxe":2,"minecraft:cobweb":6,"minecraft:cooked_chicken":10,"minecraft:iron_ore":169,"artifacts:kitty_slippers":1,"minecraft:glass_bottle":23,"minecraft:polished_andesite_slab":33,"minecraft:iron_sword":12,"minecraft:soul_sand":17,"minecraft:book":89,"iceandfire:chared_stone":5,"minecraft:polished_andesite_stairs":8,"minecraft:chiseled_stone_bricks":2,"minecraft:stone_brick_slab":12,"ars_nouveau:novice_spell_book":1,"minecraft:gravel":7,"minecraft:white_bed":4,"minecraft:gold_ore":21,"prehistoricfauna:siltstone":6,"minecraft:spider_eye":22,"minecraft:diamond_shovel":1,"minecraft:slime_ball":7,"minecraft:stone_axe":3,"minecraft:iron_helmet":2,"minecraft:scute":3,"minecraft:mossy_cobblestone_stairs":14,"minecraft:baked_potato":1,"minecraft:damaged_anvil":1,"minecraft:coal":318,"minecraft:ender_pearl":4},"minecraft:dropped":{"minecraft:nether_brick_stairs":8,"sophisticatedbackpacks:iron_backpack":2,"minecraft:iron_sword":9,"ars_nouveau:novice_spell_book":1,"minecraft:brown_mushroom":1,"minecraft:diamond_axe":1,"minecraft:lapis_lazuli":316,"minecraft:cooked_beef":10,"turtlemancy:oyster":1,"minecraft:diamond":17,"minecraft:ender_pearl":12,"minecraft:golden_pickaxe":3,"minecraft:glass_bottle":42,"minecraft:crafting_table":2,"minecraft:sandstone_stairs":1,"minecraft:mossy_stone_brick_stairs":6,"prehistoricfauna:siltstone":4,"minecraft:iron_horse_armor":2,"minecraft:cracked_stone_bricks":10,"relics:horse_flute":1,"minecraft:saddle":5,"artifacts:universal_attractor":1,"minecraft:rail":5,"minecraft:emerald":6,"minecraft:leather_helmet":2,"minecraft:flint":47,"relics:rune_of_sun":2,"minecraft:red_mushroom":18,"sophisticatedbackpacks:gold_backpack":5,"minecraft:music_disc_13":5,"minecraft:cobblestone_stairs":1,"minecraft:cyan_terracotta":4,"minecraft:dirt":58,"relics:leather_belt":1,"artifacts:superstitious_hat":1,"minecraft:cut_sandstone":296,"minecraft:gold_nugget":152,"minecraft:phantom_membrane":51,"minecraft:sand":47,"minecraft:iron_pickaxe":5,"prehistoricfauna:cretaceous_fossil":9,"minecraft:fermented_spider_eye":4,"ars_nouveau:wilden_horn":3,"minecraft:white_wool":54,"minecraft:gold_ingot":126,"minecraft:bone":310,"minecraft:gravel":5,"relics:rune_of_fire":10,"minecraft:stone_axe":4,"minecraft:compass":7,"minecraft:sugar_cane":29,"minecraft:polished_andesite_slab":33,"minecraft:iron_nugget":53,"minecraft:golden_chestplate":10,"minecraft:birch_sapling":2,"minecraft:wheat":21,"minecraft:obsidian":9,"minecraft:soul_lantern":1,"minecraft:rotten_flesh":734,"minecraft:oak_planks":78,"minecraft:enchanted_golden_apple":3,"minecraft:diamond_shovel":4,"minecraft:cooked_mutton":9,"prehistoricfauna:sandstone":4,"minecraft:azure_bluet":2,"minecraft:white_bed":4,"iceandfire:copper_ore":15,"minecraft:carrot":3,"minecraft:chainmail_chestplate":4,"minecraft:chiseled_stone_bricks":2,"minecraft:sandstone_wall":2,"minecraft:poppy":4,"minecraft:rabbit_hide":3,"minecraft:leather_chestplate":4,"minecraft:tipped_arrow":9,"minecraft:gunpowder":49,"relics:rune_of_water":8,"minecraft:skeleton_skull":7,"extraarmor:bone_helmet":7,"minecraft:quartz_block":15,"mysticalagriculture:inferium_essence":221,"minecraft:beetroot_seeds":1,"minecraft:leather_boots":1,"minecraft:chest":72,"iceandfire:bestiary":1,"minecraft:chainmail_boots":1,"minecraft:leather_leggings":5,"minecraft:iron_ore":168,"minecraft:red_nether_bricks":2,"minecraft:iron_bars":28,"minecraft:arrow":141,"minecraft:beef":3,"minecraft:stone_brick_stairs":6,"minecraft:netherrack":5,"iceandfire:manuscript":5,"extraarmor:bone_leggings":4,"minecraft:egg":30,"minecraft:enchanted_book":8,"minecraft:golden_boots":3,"minecraft:iron_ingot":117,"minecraft:wheat_seeds":10,"minecraft:golden_helmet":10,"minecraft:clock":3,"minecraft:tnt":10,"minecraft:mossy_cobblestone":43,"minecraft:smithing_table":1,"minecraft:golden_horse_armor":1,"minecraft:minecart":5,"minecraft:diamond_leggings":1,"minecraft:oak_fence":3,"minecraft:iron_helmet":5,"minecraft:feather":31,"minecraft:cobblestone":30,"minecraft:lead":6,"minecraft:book":68,"relics:midnight_robe":1,"minecraft:apple":12,"minecraft:granite":3,"ars_nouveau:purple_archwood_log":56,"mysticalagriculture:soulium_dust":2,"minecraft:chainmail_helmet":3,"minecraft:coal":313,"minecraft:golden_apple":85,"minecraft:stick":81,"minecraft:polished_andesite":14,"ars_nouveau:mana_gem":5,"minecraft:cobweb":17,"minecraft:diamond_horse_armor":3,"ars_nouveau:worn_notebook":4,"minecraft:diorite":6,"minecraft:wooden_hoe":1,"minecraft:leather_horse_armor":4,"minecraft:torch":134,"minecraft:diamond_helmet":1,"prehistoricfauna:paleontology_table":1,"minecraft:potion":43,"minecraft:dead_bush":24,"minecraft:iron_leggings":4,"minecraft:golden_hoe":1,"minecraft:polished_andesite_stairs":7,"minecraft:wither_rose":1,"minecraft:iron_axe":2,"prehistoricfauna:triassic_fossil":2,"minecraft:mossy_cobblestone_stairs":15,"prehistoricfauna:jurassic_fossil":1,"artifacts:feral_claws":1,"minecraft:iron_shovel":1,"minecraft:paper":84,"minecraft:string":300,"minecraft:music_disc_cat":2,"minecraft:redstone":336,"minecraft:chiseled_sandstone":449,"ars_nouveau:wilden_wing":15,"minecraft:redstone_block":4,"minecraft:stone_brick_slab":3,"artifacts:kitty_slippers":2,"minecraft:stone_sword":4,"minecraft:nether_wart":27,"minecraft:coarse_dirt":13,"minecraft:blaze_rod":1,"minecraft:bowl":10,"minecraft:smooth_stone_slab":8,"ars_nouveau:archwood_planks":4,"extraarmor:bone_boots":5,"iceandfire:witherbone":2,"minecraft:experience_bottle":2,"iceandfire:silver_ore":42,"minecraft:iron_boots":4,"minecraft:stripped_oak_log":1,"minecraft:name_tag":10,"minecraft:nether_bricks":10,"minecraft:blast_furnace":2,"minecraft:diamond_sword":1,"minecraft:cobblestone_slab":29,"minecraft:potato":12,"minecraft:hay_block":4,"minecraft:shield":18,"minecraft:flower_pot":1,"minecraft:sea_pickle":6,"minecraft:oak_button":4,"minecraft:diamond_chestplate":4,"minecraft:iron_chestplate":10,"minecraft:diamond_pickaxe":3,"minecraft:andesite":15,"minecraft:mossy_stone_bricks":57,"iceandfire:silver_ingot":2,"minecraft:golden_leggings":11,"minecraft:oak_boat":1,"minecraft:oak_sapling":16,"minecraft:barrel":4,"minecraft:stone_bricks":11,"minecraft:spider_eye":54,"minecraft:diamond_boots":1,"minecraft:slime_ball":21,"minecraft:sandstone":4,"minecraft:bow":10,"minecraft:stone_pickaxe":6,"minecraft:wooden_pickaxe":2,"extraarmor:bone_chestplate":5,"ars_nouveau:split_arrow":52,"minecraft:brick":54},"minecraft:broken":{"extraarmor:bone_chestplate":1,"extraarmor:bone_boots":2,"extraarmor:oak_wood_chestplate":1,"minecraft:golden_sword":1,"extraarmor:bone_leggings":1,"extraarmor:oak_wood_leggings":1,"minecraft:iron_sword":2,"minecraft:stone_sword":3,"extraarmor:oak_wood_helmet":1,"minecraft:iron_pickaxe":1,"extraarmor:oak_wood_boots":1,"extraarmor:bone_helmet":2},"minecraft:killed_by":{"minecraft:creeper":3,"iceandfire:sea_serpent":1,"minecraft:cave_spider":1,"minecraft:blaze":1,"minecraft:zombie":16,"iceandfire:fire_dragon":1,"minecraft:player":22,"minecraft:iron_golem":1,"iceandfire:gorgon":1,"minecraft:skeleton":15}},"DataVersion":2586}