{"stats":{"minecraft:custom":{"minecraft:interact_with_crafting_table":114,"minecraft:open_barrel":1,"minecraft:bell_ring":1,"minecraft:leave_game":12,"minecraft:time_since_death":83667,"minecraft:damage_blocked_by_shield":933,"minecraft:deaths":73,"minecraft:jump":5610,"minecraft:interact_with_furnace":109,"minecraft:sleep_in_bed":5,"minecraft:damage_dealt":86105,"minecraft:interact_with_anvil":13,"minecraft:damage_dealt_absorbed":23,"minecraft:sneak_time":22227,"minecraft:interact_with_blast_furnace":2,"minecraft:time_since_rest":83699,"minecraft:swim_one_cm":204481,"minecraft:fly_one_cm":1445005,"minecraft:open_chest":429,"minecraft:fall_one_cm":201042,"minecraft:sprint_one_cm":1236441,"minecraft:drop":1199,"minecraft:talked_to_villager":6,"minecraft:walk_on_water_one_cm":100660,"minecraft:play_one_minute":505855,"minecraft:player_kills":12,"minecraft:crouch_one_cm":48557,"minecraft:mob_kills":454,"minecraft:damage_dealt_resisted":723,"minecraft:climb_one_cm":4175,"minecraft:walk_one_cm":808712,"minecraft:walk_under_water_one_cm":24577,"minecraft:boat_one_cm":132626,"minecraft:interact_with_grindstone":2,"minecraft:damage_taken":2147483647,"minecraft:damage_absorbed":160,"minecraft:trigger_trapped_chest":4},"minecraft:mined":{"minecraft:white_bed":2,"minecraft:red_nether_bricks":2,"minecraft:obsidian":13,"minecraft:granite":6,"minecraft:jungle_log":2,"minecraft:coal_block":9,"minecraft:nether_wart":26,"mysticalagriculture:inferium_ore":12,"minecraft:chiseled_stone_bricks":1,"minecraft:spawner":62,"minecraft:mossy_cobblestone_stairs":12,"minecraft:sticky_piston":1,"minecraft:barrel":1,"prehistoricfauna:sandstone_fossil":2,"minecraft:fletching_table":1,"minecraft:nether_brick_stairs":8,"iceandfire:gold_pile":3,"minecraft:torch":1,"minecraft:polished_andesite_stairs":13,"minecraft:dead_bush":2,"minecraft:sugar_cane":35,"minecraft:damaged_anvil":1,"minecraft:skeleton_skull":1,"minecraft:chain":9,"mysticalagriculture:soulium_ore":2,"minecraft:wheat":2,"minecraft:potted_poppy":2,"minecraft:wither_rose":1,"minecraft:stone_brick_stairs":1,"minecraft:grass":130,"iceandfire:silver_ore":12,"minecraft:mossy_cobblestone":47,"minecraft:nether_bricks":17,"minecraft:redstone_wire":1,"minecraft:redstone_ore":17,"iceandfire:chared_gravel":2,"minecraft:andesite":17,"minecraft:mossy_stone_brick_stairs":2,"minecraft:cobblestone_slab":33,"minecraft:vine":4,"minecraft:bamboo":9,"minecraft:smithing_table":1,"minecraft:redstone_block":1,"minecraft:soul_sand":17,"minecraft:stone_brick_slab":8,"minecraft:smooth_sandstone":1,"minecraft:tall_grass":19,"minecraft:diorite":7,"minecraft:coarse_dirt":14,"minecraft:gravel":9,"minecraft:cobweb":2,"minecraft:stone_bricks":18,"minecraft:chipped_anvil":1,"minecraft:gold_ore":17,"minecraft:fern":3,"minecraft:cobblestone_stairs":2,"minecraft:brewing_stand":1,"minecraft:grass_block":17,"minecraft:iron_ore":115,"minecraft:anvil":1,"ars_nouveau:red_archwood_log":12,"prehistoricfauna:siltstone":3,"minecraft:iron_bars":19,"iceandfire:chared_cobblestone":5,"turtlemancy:oyster_sand":1,"minecraft:quartz_block":12,"minecraft:cyan_terracotta":5,"iceandfire:myrmex_resin_jungle":1,"minecraft:soul_lantern":1,"prehistoricfauna:sandstone":6,"minecraft:chest":64,"minecraft:cobblestone":132,"minecraft:oak_planks":10,"minecraft:wall_torch":2,"prehistoricfauna:chalk_fossil":1,"minecraft:tnt":1,"minecraft:smooth_stone_slab":9,"minecraft:oak_log":36,"minecraft:sand":29,"minecraft:dirt":21,"minecraft:netherrack":9,"minecraft:oak_leaves":28,"iceandfire:chared_stone":8,"minecraft:diamond_ore":7,"prehistoricfauna:siltstone_fossil":1,"prehistoricfauna:paleontology_table":1,"minecraft:lever":1,"iceandfire:chared_dirt":1,"minecraft:sandstone":5,"minecraft:large_fern":1,"minecraft:furnace":11,"iceandfire:copper_ore":3,"minecraft:chiseled_sandstone":6,"minecraft:bookshelf":19,"minecraft:lantern":2,"minecraft:stripped_oak_log":3,"minecraft:stone":161,"ars_nouveau:purple_archwood_log":17,"minecraft:crafting_table":9,"minecraft:air":4,"minecraft:sea_pickle":2,"iceandfire:ash":2,"minecraft:coal_ore":80,"minecraft:cracked_stone_bricks":7,"minecraft:polished_andesite":18,"ars_nouveau:arcane_ore":2,"minecraft:mossy_stone_bricks":12},"minecraft:picked_up":{"minecraft:iron_chestplate":7,"minecraft:chainmail_boots":1,"iceandfire:copper_ore":10,"minecraft:flower_pot":2,"minecraft:anvil":2,"minecraft:prismarine_shard":8,"minecraft:smithing_table":1,"minecraft:lead":7,"minecraft:diamond_sword":2,"minecraft:wither_rose":3,"minecraft:enchanted_book":15,"minecraft:brewing_stand":2,"prehistoricfauna:jurassic_fossil":1,"iceandfire:manuscript":33,"minecraft:music_disc_cat":4,"minecraft:string":222,"minecraft:red_nether_bricks":2,"ars_nouveau:mana_gem":8,"minecraft:diamond_leggings":1,"mysticalagriculture:inferium_essence":331,"minecraft:gold_nugget":373,"minecraft:enchanted_golden_apple":3,"minecraft:coal_block":15,"minecraft:diamond_ore":3,"minecraft:golden_helmet":4,"artifacts:universal_attractor":1,"iceandfire:silver_ore":21,"iceandfire:myrmex_resin_sticky_jungle":2,"extraarmor:oak_wood_chestplate":1,"minecraft:golden_chestplate":4,"minecraft:stone_sword":4,"relics:horse_flute":1,"ars_nouveau:worn_notebook":6,"iceandfire:fire_dragon_heart":6,"minecraft:cyan_terracotta":5,"minecraft:blaze_rod":3,"minecraft:iron_bars":24,"minecraft:birch_log":1,"minecraft:feather":79,"minecraft:cooked_beef":31,"minecraft:jungle_log":2,"prehistoricfauna:sandstone":6,"minecraft:flint":40,"relics:rune_of_earth":4,"relics:spider_necklace":2,"relics:rune_of_sun":2,"minecraft:chipped_anvil":2,"mysticalagriculture:soulium_dust":6,"minecraft:diamond_helmet":1,"relics:rune_of_air":3,"iceandfire:dragon_skull_fire":6,"iceandfire:shiny_scales":10,"sophisticatedbackpacks:iron_backpack":2,"prehistoricfauna:paleontology_table":1,"minecraft:fermented_spider_eye":4,"ars_nouveau:wilden_horn":6,"minecraft:barrel":4,"iceandfire:chared_cobblestone":28,"minecraft:polished_andesite":18,"minecraft:granite":3,"minecraft:chainmail_helmet":2,"minecraft:golden_horse_armor":1,"minecraft:bread":36,"iceandfire:gorgon_head":1,"minecraft:diamond_pickaxe":1,"sophisticatedbackpacks:gold_backpack":5,"ars_nouveau:red_archwood_log":28,"iceandfire:dragon_skull_lightning":2,"minecraft:crafting_table":10,"minecraft:coarse_dirt":17,"iceandfire:witherbone":5,"minecraft:nether_wart":93,"minecraft:leather_leggings":3,"extraarmor:bone_chestplate":1,"minecraft:golden_pickaxe":3,"iceandfire:dragonbone_arrow":192,"relics:rune_of_water":10,"relics:leather_belt":3,"artifacts:power_glove":1,"iceandfire:armor_green_leggings":1,"minecraft:compass":8,"minecraft:iron_shovel":1,"minecraft:cracked_stone_bricks":13,"iceandfire:bestiary":1,"minecraft:beef":10,"minecraft:iron_nugget":42,"minecraft:poppy":7,"minecraft:minecart":6,"minecraft:chest":113,"minecraft:birch_sapling":3,"minecraft:egg":40,"minecraft:sandstone":7,"ars_nouveau:purple_archwood_log":58,"sophisticatedbackpacks:backpack":6,"ars_nouveau:split_arrow":52,"minecraft:carrot":7,"minecraft:redstone":213,"minecraft:prismarine_crystals":8,"minecraft:tnt":7,"minecraft:diamond_chestplate":1,"minecraft:diamond_boots":1,"minecraft:hay_block":4,"minecraft:sandstone_stairs":2,"minecraft:gold_ingot":172,"minecraft:mutton":27,"minecraft:white_wool":54,"minecraft:rail":10,"minecraft:stripped_oak_log":3,"minecraft:clock":4,"minecraft:red_mushroom":30,"minecraft:filled_map":2,"ars_nouveau:wilden_wing":10,"minecraft:oak_log":36,"minecraft:golden_boots":2,"iceandfire:myrmex_resin_jungle":8,"minecraft:paper":84,"minecraft:apple":11,"minecraft:stone_bricks":18,"minecraft:stone_pickaxe":2,"minecraft:iron_ore":169,"minecraft:cobweb":12,"relics:infinity_ham":1,"minecraft:glass_bottle":42,"minecraft:iron_sword":13,"iceandfire:chared_stone":31,"minecraft:polished_andesite_stairs":8,"iceandfire:armor_bronze_helmet":1,"minecraft:gravel":7,"prehistoricfauna:siltstone":6,"minecraft:diamond_shovel":2,"minecraft:slime_ball":14,"minecraft:stone_axe":3,"minecraft:scute":3,"minecraft:baked_potato":1,"minecraft:melon_seeds":6,"minecraft:ender_pearl":8,"ars_nouveau:mana_berry":2,"minecraft:wheat":13,"minecraft:redstone_block":2,"extraarmor:oak_wood_helmet":1,"minecraft:potion":21,"iceandfire:myrmex_jungle_chitin":11,"minecraft:stone_brick_stairs":4,"prehistoricfauna:triassic_fossil":2,"relics:camouflage_ring":1,"minecraft:smooth_stone_slab":11,"minecraft:iron_leggings":2,"minecraft:sticky_piston":1,"minecraft:sea_pickle":7,"minecraft:cobblestone_slab":51,"minecraft:iron_pickaxe":3,"iceandfire:armor_bronze_boots":2,"iceandfire:dragonscales_red":2,"minecraft:iron_boots":2,"minecraft:furnace":13,"minecraft:tipped_arrow":12,"minecraft:stick":56,"minecraft:oak_fence":3,"minecraft:torch":251,"extraarmor:bone_helmet":2,"minecraft:diorite":9,"relics:rune_of_fire":15,"minecraft:quartz_block":15,"minecraft:rotten_flesh":881,"extraarmor:oak_wood_leggings":1,"artifacts:panic_necklace":1,"minecraft:leather_horse_armor":8,"minecraft:obsidian":45,"minecraft:cobblestone":318,"minecraft:leather_chestplate":1,"minecraft:andesite":20,"iceandfire:armor_red_chestplate":1,"minecraft:golden_leggings":5,"minecraft:potato":19,"iceandfire:dragonscales_bronze":7,"minecraft:lapis_lazuli":193,"minecraft:dirt":95,"iceandfire:dragonsteel_ice_sword":1,"relics:rune_of_cold":3,"minecraft:name_tag":16,"minecraft:leather_boots":3,"minecraft:bone":621,"turtlemancy:oyster":2,"iceandfire:myrmex_jungle_resin":30,"minecraft:bow":5,"minecraft:wheat_seeds":23,"relics:rune_of_moon":5,"minecraft:mossy_stone_bricks":60,"minecraft:bamboo":98,"minecraft:oak_planks":193,"minecraft:mossy_stone_brick_stairs":4,"minecraft:cooked_porkchop":22,"minecraft:music_disc_13":8,"minecraft:sand":61,"prehistoricfauna:cretaceous_fossil":9,"minecraft:nether_brick_stairs":16,"minecraft:dead_bush":44,"minecraft:mossy_cobblestone":53,"minecraft:chiseled_sandstone":437,"artifacts:plastic_drinking_hat":1,"minecraft:diamond":27,"minecraft:soul_lantern":3,"minecraft:golden_apple":60,"minecraft:emerald":8,"minecraft:oak_sapling":26,"minecraft:netherrack":8,"relics:slime_heart":1,"minecraft:azure_bluet":2,"minecraft:chicken":4,"artifacts:night_vision_goggles":1,"minecraft:brown_mushroom":2,"minecraft:wooden_pickaxe":2,"minecraft:diamond_horse_armor":3,"minecraft:chain":21,"minecraft:brick":54,"minecraft:shield":20,"extraarmor:oak_wood_boots":1,"ars_nouveau:archwood_planks":12,"artifacts:feral_claws":1,"artifacts:fire_gauntlet":1,"minecraft:detector_rail":5,"minecraft:oak_boat":4,"minecraft:sugar_cane":143,"minecraft:phantom_membrane":51,"iceandfire:dragonbone":82,"iceandfire:dragonscales_green":38,"iceandfire:chared_grass":2,"minecraft:bowl":20,"minecraft:trident":2,"minecraft:iron_horse_armor":4,"artifacts:snorkel":1,"iceandfire:silver_ingot":3,"minecraft:arrow":360,"turtlemancy:turtle_curse":6,"minecraft:nether_bricks":54,"relics:spatial_sign":2,"iceandfire:chared_dirt":4,"minecraft:saddle":5,"extraarmor:bone_boots":1,"relics:reflection_necklace":1,"minecraft:skeleton_skull":8,"minecraft:cut_sandstone":300,"minecraft:leather":37,"relics:rune_of_love":5,"minecraft:chainmail_chestplate":1,"artifacts:superstitious_hat":1,"iceandfire:ectoplasm":4,"minecraft:gunpowder":59,"minecraft:cobblestone_stairs":1,"relics:midnight_robe":2,"minecraft:wooden_hoe":2,"minecraft:cooked_mutton":2,"minecraft:rabbit_hide":4,"minecraft:iron_ingot":58,"minecraft:cooked_chicken":16,"artifacts:kitty_slippers":2,"minecraft:polished_andesite_slab":44,"iceandfire:fire_dragon_flesh":20,"minecraft:soul_sand":17,"minecraft:book":154,"minecraft:chiseled_stone_bricks":3,"minecraft:stone_brick_slab":12,"iceandfire:ash":2,"ars_nouveau:novice_spell_book":2,"minecraft:white_bed":6,"minecraft:gold_ore":21,"minecraft:spider_eye":50,"minecraft:pumpkin_seeds":4,"minecraft:iron_helmet":2,"minecraft:mossy_cobblestone_stairs":16,"minecraft:damaged_anvil":1,"minecraft:coal":356},"minecraft:killed_by":{"minecraft:zombie":16,"minecraft:creeper":3,"iceandfire:sea_serpent":1,"minecraft:cave_spider":1,"minecraft:blaze":1,"iceandfire:fire_dragon":1,"minecraft:player":23,"minecraft:iron_golem":1,"iceandfire:gorgon":1,"minecraft:skeleton":15},"minecraft:dropped":{"iceandfire:chared_stone":23,"sophisticatedbackpacks:iron_backpack":2,"minecraft:iron_sword":18,"ars_nouveau:novice_spell_book":2,"minecraft:lapis_lazuli":316,"minecraft:cooked_beef":15,"turtlemancy:oyster":2,"minecraft:glass_bottle":80,"minecraft:diamond":30,"minecraft:crafting_table":3,"minecraft:sandstone_stairs":2,"relics:infinity_ham":1,"minecraft:mossy_stone_brick_stairs":8,"prehistoricfauna:siltstone":4,"minecraft:cracked_stone_bricks":13,"minecraft:saddle":7,"artifacts:universal_attractor":1,"minecraft:rail":10,"minecraft:leather_helmet":2,"minecraft:red_mushroom":33,"minecraft:emerald":10,"sophisticatedbackpacks:gold_backpack":14,"minecraft:dirt":58,"relics:leather_belt":3,"minecraft:chain":20,"minecraft:gold_nugget":430,"minecraft:phantom_membrane":68,"minecraft:sand":49,"minecraft:iron_pickaxe":7,"prehistoricfauna:cretaceous_fossil":12,"minecraft:fermented_spider_eye":7,"minecraft:white_wool":64,"ars_nouveau:wilden_horn":7,"minecraft:bone":597,"relics:rune_of_fire":15,"iceandfire:dragonsteel_ice_pickaxe":1,"minecraft:stone_axe":4,"minecraft:compass":11,"minecraft:sugar_cane":96,"minecraft:iron_nugget":69,"artifacts:power_glove":1,"minecraft:polished_andesite_slab":44,"minecraft:cooked_chicken":6,"minecraft:golden_chestplate":14,"minecraft:detector_rail":5,"minecraft:birch_sapling":2,"minecraft:wheat":23,"minecraft:obsidian":30,"minecraft:rotten_flesh":1201,"minecraft:oak_planks":84,"minecraft:enchanted_golden_apple":7,"prehistoricfauna:sandstone":4,"minecraft:azure_bluet":2,"minecraft:white_bed":6,"iceandfire:copper_ore":15,"iceandfire:shiny_scales":5,"minecraft:tipped_arrow":17,"turtlemancy:turtle_curse":6,"relics:rune_of_water":8,"extraarmor:bone_helmet":9,"mysticalagriculture:inferium_essence":343,"minecraft:quartz_block":20,"minecraft:leather_boots":3,"iceandfire:bestiary":2,"minecraft:leather_leggings":5,"minecraft:red_nether_bricks":2,"minecraft:beef":3,"minecraft:stone_brick_stairs":8,"iceandfire:manuscript":34,"extraarmor:bone_leggings":4,"minecraft:egg":41,"minecraft:enchanted_book":26,"minecraft:golden_boots":6,"minecraft:iron_ingot":219,"minecraft:wheat_seeds":13,"minecraft:clock":5,"minecraft:tnt":17,"minecraft:golden_horse_armor":2,"minecraft:prismarine_crystals":8,"minecraft:oak_fence":3,"minecraft:feather":65,"minecraft:iron_helmet":9,"minecraft:cobblestone":48,"minecraft:book":192,"relics:midnight_robe":2,"minecraft:apple":16,"minecraft:granite":3,"ars_nouveau:purple_archwood_log":70,"minecraft:chainmail_helmet":4,"minecraft:coal":546,"minecraft:coal_block":7,"minecraft:golden_apple":85,"minecraft:polished_andesite":14,"minecraft:cobweb":23,"minecraft:diamond_horse_armor":5,"minecraft:wooden_hoe":3,"artifacts:plastic_drinking_hat":1,"iceandfire:dragonsteel_ice_axe":1,"prehistoricfauna:paleontology_table":1,"minecraft:diamond_helmet":1,"minecraft:potion":44,"minecraft:dead_bush":76,"minecraft:golden_hoe":1,"minecraft:chipped_anvil":1,"minecraft:mossy_cobblestone_stairs":17,"minecraft:iron_shovel":1,"minecraft:chainmail_leggings":1,"minecraft:paper":130,"minecraft:string":356,"iceandfire:dragon_skull_fire":2,"minecraft:stone_brick_slab":3,"ars_nouveau:mana_berry":2,"minecraft:stone_sword":5,"minecraft:smooth_stone_slab":8,"minecraft:bowl":20,"extraarmor:bone_boots":6,"minecraft:experience_bottle":2,"iceandfire:dragonsteel_ice_shovel":1,"iceandfire:armor_bronze_boots":3,"minecraft:iron_boots":7,"sophisticatedbackpacks:backpack":5,"minecraft:name_tag":18,"minecraft:nether_bricks":74,"minecraft:pumpkin_seeds":4,"minecraft:blast_furnace":2,"minecraft:diamond_sword":1,"minecraft:hay_block":4,"minecraft:potato":28,"minecraft:cobblestone_slab":36,"minecraft:flower_pot":1,"minecraft:sea_pickle":6,"minecraft:diamond_pickaxe":3,"iceandfire:silver_ingot":4,"iceandfire:dragonbone_arrow":414,"minecraft:spider_eye":82,"minecraft:stone_bricks":14,"minecraft:barrel":5,"minecraft:sandstone":7,"minecraft:bow":10,"minecraft:nether_brick_stairs":16,"minecraft:brown_mushroom":2,"minecraft:diamond_axe":1,"minecraft:ender_pearl":16,"iceandfire:armor_bronze_helmet":2,"minecraft:golden_pickaxe":5,"iceandfire:chared_dirt":4,"iceandfire:fire_dragon_flesh":20,"relics:rune_of_love":4,"minecraft:leather":14,"relics:spider_necklace":2,"minecraft:iron_horse_armor":4,"relics:horse_flute":2,"relics:reflection_necklace":1,"minecraft:cobblestone_stairs":1,"minecraft:music_disc_13":8,"artifacts:vampiric_glove":1,"relics:rune_of_sun":2,"minecraft:flint":97,"minecraft:cyan_terracotta":4,"ars_nouveau:red_archwood_log":12,"artifacts:superstitious_hat":1,"minecraft:cut_sandstone":446,"iceandfire:dragonscales_red":2,"iceandfire:dragonsteel_ice_sword":3,"iceandfire:ash":2,"minecraft:gold_ingot":431,"minecraft:gravel":5,"minecraft:soul_lantern":2,"minecraft:diamond_shovel":5,"minecraft:cooked_mutton":9,"minecraft:carrot":9,"minecraft:chainmail_chestplate":4,"minecraft:chiseled_stone_bricks":3,"minecraft:sandstone_wall":2,"minecraft:poppy":5,"minecraft:rabbit_hide":5,"minecraft:leather_chestplate":4,"minecraft:trident":1,"minecraft:gunpowder":78,"minecraft:skeleton_skull":12,"minecraft:beetroot_seeds":1,"minecraft:melon_seeds":6,"minecraft:chainmail_boots":2,"minecraft:chest":140,"minecraft:iron_ore":168,"minecraft:iron_bars":49,"minecraft:arrow":277,"iceandfire:chared_grass":2,"relics:spatial_sign":1,"minecraft:netherrack":16,"minecraft:bread":16,"minecraft:golden_helmet":13,"iceandfire:armor_green_leggings":2,"minecraft:mossy_cobblestone":51,"iceandfire:dragonscales_green":6,"minecraft:smithing_table":1,"minecraft:minecart":11,"minecraft:diamond_leggings":1,"minecraft:prismarine_shard":4,"minecraft:lead":10,"mysticalagriculture:soulium_dust":8,"minecraft:stick":184,"ars_nouveau:mana_gem":8,"ars_nouveau:worn_notebook":6,"minecraft:diorite":7,"minecraft:torch":410,"minecraft:leather_horse_armor":8,"minecraft:iron_leggings":6,"minecraft:wither_rose":2,"minecraft:polished_andesite_stairs":7,"minecraft:iron_axe":3,"prehistoricfauna:triassic_fossil":2,"prehistoricfauna:jurassic_fossil":1,"artifacts:feral_claws":1,"minecraft:redstone_block":4,"minecraft:music_disc_cat":4,"ars_nouveau:wilden_wing":18,"iceandfire:dragonscales_bronze":14,"minecraft:chiseled_sandstone":612,"minecraft:redstone":347,"iceandfire:armor_red_chestplate":2,"minecraft:anvil":2,"artifacts:kitty_slippers":3,"minecraft:coarse_dirt":13,"minecraft:nether_wart":72,"minecraft:blaze_rod":2,"ars_nouveau:archwood_planks":16,"iceandfire:witherbone":2,"iceandfire:silver_ore":42,"minecraft:stripped_oak_log":1,"relics:out_runner":1,"minecraft:filled_map":1,"minecraft:shield":27,"minecraft:oak_button":4,"minecraft:diamond_chestplate":5,"iceandfire:chared_cobblestone":7,"minecraft:iron_chestplate":17,"minecraft:andesite":16,"minecraft:mossy_stone_bricks":84,"minecraft:golden_leggings":17,"minecraft:oak_boat":1,"minecraft:oak_sapling":16,"iceandfire:dragonbone_bow":1,"minecraft:diamond_boots":1,"minecraft:slime_ball":28,"iceandfire:fire_dragon_heart":3,"minecraft:stone_pickaxe":7,"minecraft:wooden_pickaxe":2,"extraarmor:bone_chestplate":5,"ars_nouveau:split_arrow":78,"minecraft:brick":72},"minecraft:killed":{"iceandfire:hippogryph":2,"minecraft:cave_spider":2,"minecraft:skeleton":66,"minecraft:chicken":5,"minecraft:iron_golem":2,"iceandfire:cockatrice":1,"minecraft:zombie":242,"iceandfire:myrmex_queen":1,"minecraft:cow":10,"iceandfire:siren":1,"minecraft:husk":1,"iceandfire:ghost":1,"minecraft:enderman":1,"minecraft:spider":22,"minecraft:silverfish":1,"artifacts:mimic":4,"minecraft:pig":6,"minecraft:zombie_villager":2,"minecraft:creeper":2,"minecraft:sheep":17,"minecraft:stray":10,"minecraft:blaze":2,"iceandfire:fire_dragon":2,"ars_nouveau:summon_wolf":9,"minecraft:drowned":7,"iceandfire:deathworm":1,"iceandfire:myrmex_soldier":1,"ars_nouveau:wilden_stalker":5,"ars_nouveau:wilden_hunter":5,"minecraft:wither_skeleton":5},"minecraft:used":{"minecraft:chest":9,"iceandfire:spawn_egg_fire_dragon":1,"minecraft:polished_andesite_stairs":1,"minecraft:furnace":17,"minecraft:potato":1,"minecraft:mossy_stone_bricks":7,"minecraft:diorite":3,"minecraft:wooden_pickaxe":17,"minecraft:golden_apple":4,"minecraft:sand":4,"minecraft:blast_furnace":3,"minecraft:chiseled_sandstone":26,"minecraft:diamond_ore":3,"minecraft:diamond_sword":546,"minecraft:fire_charge":1,"iceandfire:dragonforge_ice_core_disabled":1,"minecraft:oak_boat":5,"minecraft:stone_sword":353,"prehistoricfauna:sandstone":2,"minecraft:torch":202,"minecraft:anvil":11,"minecraft:golden_shovel":3,"minecraft:chipped_anvil":1,"minecraft:iron_axe":151,"minecraft:mossy_cobblestone":18,"minecraft:crafting_table":22,"minecraft:white_bed":2,"minecraft:diamond_pickaxe":218,"minecraft:iron_pickaxe":573,"iceandfire:dragonsteel_ice_sword":12,"iceandfire:dragonsteel_ice_shovel":1,"minecraft:cobblestone":154,"minecraft:potion":1,"minecraft:cooked_porkchop":14,"minecraft:shield":80,"minecraft:iron_sword":714,"minecraft:nether_bricks":1,"minecraft:carrot":3,"minecraft:obsidian":16,"minecraft:cyan_terracotta":1,"minecraft:stone_bricks":3,"minecraft:golden_sword":32,"minecraft:stone_pickaxe":237,"minecraft:oak_planks":46,"minecraft:sandstone":1,"minecraft:sugar_cane":1,"minecraft:bread":15,"minecraft:gravel":2,"iceandfire:dragon_skull_fire":1,"minecraft:grindstone":1,"minecraft:andesite":2,"minecraft:smooth_stone_slab":2,"minecraft:coarse_dirt":4,"minecraft:golden_pickaxe":5,"minecraft:experience_bottle":3,"minecraft:netherite_sword":15,"minecraft:flint_and_steel":3,"minecraft:cooked_chicken":5,"minecraft:dirt":39,"iceandfire:dragonsteel_ice_pickaxe":12,"minecraft:stone_brick_slab":15,"minecraft:cooked_beef":16,"minecraft:cooked_mutton":27,"minecraft:polished_andesite":3,"minecraft:baked_potato":14,"iceandfire:dread_knight_sword":29,"minecraft:cobblestone_slab":51,"minecraft:apple":3,"iceandfire:dragonsteel_ice_axe":12,"minecraft:stone_axe":124},"minecraft:broken":{"extraarmor:oak_wood_chestplate":1,"extraarmor:bone_leggings":1,"minecraft:golden_sword":1,"minecraft:iron_sword":2,"minecraft:stone_sword":3,"minecraft:iron_pickaxe":1,"extraarmor:oak_wood_boots":1,"extraarmor:bone_helmet":2,"extraarmor:bone_chestplate":1,"extraarmor:bone_boots":2,"extraarmor:oak_wood_leggings":1,"extraarmor:oak_wood_helmet":1},"minecraft:crafted":{"minecraft:cooked_mutton":34,"iceandfire:dragonbone_arrow":30,"extraarmor:bone_helmet":7,"iceandfire:armor_red_chestplate":2,"iceandfire:wither_shard":6,"minecraft:iron_pickaxe":6,"minecraft:iron_block":3,"minecraft:gold_ingot":16,"extraarmor:bone_chestplate":5,"extraarmor:oak_wood_leggings":1,"iceandfire:armor_green_leggings":2,"iceandfire:dragonsteel_ice_sword":2,"extraarmor:bone_boots":7,"ars_nouveau:novice_spell_book":1,"extraarmor:oak_wood_chestplate":1,"minecraft:stone_pickaxe":5,"extraarmor:oak_wood_boots":1,"sophisticatedbackpacks:gold_backpack":15,"minecraft:iron_shovel":1,"extraarmor:bone_leggings":5,"extraarmor:oak_wood_helmet":1,"minecraft:oak_planks":148,"minecraft:cobblestone_slab":30,"ars_nouveau:archwood_planks":24,"minecraft:cooked_chicken":1,"minecraft:stone_brick_slab":6,"minecraft:bow":1,"minecraft:chest":7,"minecraft:oak_button":4,"sophisticatedbackpacks:backpack":12,"minecraft:crafting_table":16,"minecraft:wooden_pickaxe":1,"minecraft:baked_potato":4,"minecraft:birch_planks":4,"iceandfire:dragonbone_bow":1,"minecraft:diamond_pickaxe":2,"minecraft:shield":2,"minecraft:stick":52,"minecraft:iron_ingot":88,"minecraft:stone_sword":4,"iceandfire:armor_bronze_helmet":2,"minecraft:coal":63,"minecraft:furnace":6,"iceandfire:dragonsteel_ice_shovel":2,"minecraft:leather":8,"minecraft:iron_axe":3,"iceandfire:dragonsteel_ice_pickaxe":2,"sophisticatedbackpacks:iron_backpack":13,"minecraft:cooked_beef":4,"iceandfire:armor_bronze_boots":2,"minecraft:iron_sword":6,"minecraft:stone_axe":6,"minecraft:air":0,"minecraft:oak_boat":2,"minecraft:anvil":1,"iceandfire:dragonsteel_ice_axe":2}},"DataVersion":2586}