{"stats":{"minecraft:mined":{"minecraft:grass_block":6,"minecraft:oak_log":8,"minecraft:sand":14,"minecraft:dirt":9,"minecraft:oak_leaves":114},"minecraft:picked_up":{"minecraft:stick":6,"minecraft:apple":1,"ars_nouveau:worn_notebook":1,"minecraft:sand":14,"minecraft:oak_log":8,"minecraft:oak_sapling":7,"minecraft:dirt":15},"minecraft:custom":{"minecraft:time_since_rest":11674,"minecraft:crouch_one_cm":88,"minecraft:play_one_minute":11674,"minecraft:sprint_one_cm":2754,"minecraft:damage_taken":50,"minecraft:walk_one_cm":13863,"minecraft:sneak_time":62,"minecraft:jump":72,"minecraft:leave_game":3,"minecraft:time_since_death":11674,"minecraft:interact_with_crafting_table":2,"minecraft:fall_one_cm":1861,"minecraft:fly_one_cm":2324},"minecraft:crafted":{"minecraft:wooden_sword":1,"minecraft:oak_planks":28,"minecraft:wooden_pickaxe":1,"minecraft:wooden_axe":1},"minecraft:used":{"minecraft:wooden_axe":7,"minecraft:dirt":15,"minecraft:sand":5}},"DataVersion":2586}