{"stats":{"minecraft:killed_by":{"ars_nouveau:wilden_hunter":1},"minecraft:mined":{"turtlemancy:oyster_sand":10,"minecraft:grass":2,"minecraft:grass_block":6,"minecraft:oak_log":8,"minecraft:dirt":9,"minecraft:sand":15,"minecraft:oak_leaves":114},"minecraft:picked_up":{"minecraft:stick":6,"minecraft:sand":24,"minecraft:oak_log":8,"minecraft:dirt":15,"minecraft:apple":1,"turtlemancy:oyster":10,"mysticalagriculture:inferium_essence":1,"ars_nouveau:worn_notebook":1,"minecraft:oak_boat":2,"minecraft:oak_sapling":7,"minecraft:mutton":3,"minecraft:cod":1,"minecraft:white_wool":2},"minecraft:custom":{"minecraft:time_since_rest":2544,"minecraft:sprint_one_cm":14381,"minecraft:damage_taken":334,"minecraft:walk_one_cm":29950,"minecraft:mob_kills":2,"minecraft:damage_dealt":276,"minecraft:swim_one_cm":1913,"minecraft:interact_with_crafting_table":3,"minecraft:fly_one_cm":21447,"minecraft:play_one_minute":23287,"minecraft:crouch_one_cm":172,"minecraft:deaths":1,"minecraft:sneak_time":73,"minecraft:walk_under_water_one_cm":2066,"minecraft:boat_one_cm":172189,"minecraft:jump":195,"minecraft:leave_game":3,"minecraft:time_since_death":2504,"minecraft:walk_on_water_one_cm":3393,"minecraft:fall_one_cm":4095},"minecraft:crafted":{"minecraft:wooden_sword":1,"minecraft:oak_boat":3,"minecraft:oak_planks":28,"minecraft:wooden_pickaxe":1,"minecraft:wooden_axe":1},"minecraft:killed":{"minecraft:sheep":2},"minecraft:used":{"minecraft:wooden_axe":7,"minecraft:wooden_sword":16,"minecraft:sand":5,"minecraft:dirt":15,"minecraft:oak_boat":4}},"DataVersion":2586}