{"stats":{"minecraft:custom":{"minecraft:time_since_rest":5164,"minecraft:sprint_one_cm":14381,"minecraft:damage_taken":614,"minecraft:walk_one_cm":34034,"minecraft:mob_kills":2,"minecraft:damage_dealt":276,"minecraft:swim_one_cm":1913,"minecraft:interact_with_crafting_table":3,"minecraft:fly_one_cm":21561,"minecraft:crouch_one_cm":172,"minecraft:play_one_minute":30374,"minecraft:deaths":2,"minecraft:sneak_time":106,"minecraft:walk_under_water_one_cm":3590,"minecraft:boat_one_cm":255269,"minecraft:jump":237,"minecraft:leave_game":3,"minecraft:walk_on_water_one_cm":9199,"minecraft:time_since_death":5072,"minecraft:fall_one_cm":5321},"minecraft:mined":{"turtlemancy:oyster_sand":23,"minecraft:grass":2,"minecraft:grass_block":6,"minecraft:oak_log":8,"minecraft:dirt":9,"minecraft:sand":19,"minecraft:oak_leaves":114},"minecraft:picked_up":{"minecraft:stick":6,"minecraft:sand":41,"minecraft:oak_log":8,"minecraft:dirt":15,"turtlemancy:oyster":23,"minecraft:apple":1,"minecraft:kelp":4,"mysticalagriculture:inferium_essence":1,"ars_nouveau:worn_notebook":1,"minecraft:oak_boat":4,"minecraft:oak_sapling":39,"minecraft:mutton":3,"minecraft:cod":1,"minecraft:white_wool":2},"minecraft:killed_by":{"ars_nouveau:wilden_hunter":1,"minecraft:drowned":1},"minecraft:killed":{"minecraft:sheep":2},"minecraft:used":{"minecraft:wooden_axe":7,"minecraft:wooden_sword":20,"minecraft:dirt":15,"minecraft:sand":5,"minecraft:oak_boat":6},"minecraft:crafted":{"minecraft:wooden_sword":1,"minecraft:oak_boat":3,"minecraft:oak_planks":28,"minecraft:wooden_pickaxe":1,"minecraft:wooden_axe":1}},"DataVersion":2586}