{"stats":{"minecraft:custom":{"minecraft:time_since_rest":10011,"minecraft:sprint_one_cm":14381,"minecraft:damage_taken":889,"minecraft:walk_one_cm":43669,"minecraft:mob_kills":2,"minecraft:damage_dealt":317,"minecraft:swim_one_cm":1913,"minecraft:interact_with_crafting_table":4,"minecraft:fly_one_cm":21587,"minecraft:crouch_one_cm":174,"minecraft:play_one_minute":42374,"minecraft:deaths":3,"minecraft:sneak_time":166,"minecraft:walk_under_water_one_cm":4090,"minecraft:boat_one_cm":255269,"minecraft:jump":324,"minecraft:leave_game":3,"minecraft:walk_on_water_one_cm":10723,"minecraft:time_since_death":9974,"minecraft:fall_one_cm":7030},"minecraft:mined":{"turtlemancy:oyster_sand":36,"minecraft:kelp_plant":1,"minecraft:iron_ore":11,"minecraft:andesite":12,"minecraft:grass":2,"minecraft:grass_block":6,"minecraft:coal_ore":1,"minecraft:oak_log":8,"minecraft:gravel":1,"minecraft:dirt":15,"minecraft:sand":23,"minecraft:stone":118,"minecraft:diorite":1,"minecraft:sandstone":1,"minecraft:oak_leaves":114},"minecraft:picked_up":{"minecraft:iron_chestplate":1,"minecraft:sandstone":1,"minecraft:stick":6,"minecraft:cooked_porkchop":8,"minecraft:andesite":12,"minecraft:gravel":1,"minecraft:sand":58,"minecraft:oak_log":8,"minecraft:diorite":1,"minecraft:shield":1,"minecraft:dirt":19,"minecraft:iron_leggings":1,"turtlemancy:oyster":36,"minecraft:apple":1,"minecraft:kelp":4,"mysticalagriculture:inferium_essence":1,"ars_nouveau:worn_notebook":1,"minecraft:iron_helmet":1,"minecraft:scute":1,"minecraft:golden_apple":4,"minecraft:iron_ore":11,"minecraft:oak_boat":4,"minecraft:iron_pickaxe":1,"minecraft:coal_block":1,"minecraft:iron_sword":1,"minecraft:coal":1,"minecraft:oak_sapling":39,"minecraft:mutton":3,"minecraft:cod":1,"minecraft:iron_boots":1,"minecraft:white_wool":2,"minecraft:cobblestone":113},"minecraft:killed_by":{"ars_nouveau:wilden_hunter":1,"minecraft:player":1,"minecraft:drowned":1},"minecraft:killed":{"minecraft:sheep":2},"minecraft:used":{"minecraft:wooden_axe":9,"minecraft:diorite":1,"minecraft:stone_pickaxe":127,"minecraft:sandstone":1,"minecraft:wooden_pickaxe":37,"minecraft:wooden_sword":43,"minecraft:dirt":19,"minecraft:sand":5,"minecraft:cobblestone":1,"minecraft:crafting_table":1,"minecraft:oak_boat":6},"minecraft:broken":{"minecraft:wooden_axe":1,"minecraft:wooden_sword":1,"minecraft:wooden_pickaxe":1},"minecraft:crafted":{"minecraft:wooden_sword":1,"minecraft:oak_boat":3,"minecraft:oak_planks":28,"minecraft:crafting_table":1,"minecraft:wooden_pickaxe":1,"minecraft:stone_pickaxe":1,"minecraft:wooden_axe":1}},"DataVersion":2586}