{"stats":{"minecraft:killed_by":{"minecraft:drowned":1,"ars_nouveau:wilden_stalker":2,"minecraft:skeleton":2},"minecraft:dropped":{"minecraft:dirt":3,"ars_nouveau:worn_notebook":1,"minecraft:oak_log":1,"minecraft:oak_sapling":3,"minecraft:feather":4,"minecraft:wooden_sword":2,"minecraft:sand":16,"minecraft:wooden_pickaxe":3,"minecraft:black_wool":1},"minecraft:mined":{"minecraft:grass":2,"minecraft:grass_block":8,"minecraft:oak_log":7,"minecraft:dirt":9,"minecraft:stone":30,"minecraft:mossy_stone_bricks":1,"minecraft:oak_leaves":3},"minecraft:picked_up":{"minecraft:stick":4,"minecraft:feather":4,"minecraft:chicken":2,"minecraft:wooden_pickaxe":1,"minecraft:porkchop":8,"minecraft:sand":16,"ars_nouveau:wilden_wing":1,"minecraft:oak_log":11,"minecraft:dirt":17,"minecraft:stone_sword":1,"mysticalagriculture:inferium_essence":3,"ars_nouveau:worn_notebook":2,"minecraft:iron_ingot":1,"minecraft:scute":5,"minecraft:mossy_stone_bricks":1,"minecraft:oak_sapling":3,"minecraft:black_wool":1,"minecraft:mutton":1,"minecraft:cobblestone":30},"minecraft:custom":{"minecraft:time_since_rest":3782,"minecraft:sprint_one_cm":16588,"minecraft:damage_taken":1529,"minecraft:walk_one_cm":99830,"minecraft:mob_kills":16,"minecraft:drop":16,"minecraft:damage_dealt":1307,"minecraft:interact_with_crafting_table":3,"minecraft:fly_one_cm":12716,"minecraft:play_one_minute":35039,"minecraft:crouch_one_cm":435,"minecraft:deaths":5,"minecraft:sneak_time":294,"minecraft:walk_under_water_one_cm":25265,"minecraft:boat_one_cm":234926,"minecraft:jump":340,"minecraft:walk_on_water_one_cm":18647,"minecraft:time_since_death":3728,"minecraft:climb_one_cm":1108,"minecraft:fall_one_cm":5430},"minecraft:crafted":{"minecraft:wooden_sword":2,"minecraft:oak_boat":2,"minecraft:oak_planks":40,"minecraft:stick":16,"minecraft:wooden_pickaxe":2,"minecraft:stone_pickaxe":1,"minecraft:stone_sword":1},"minecraft:killed":{"minecraft:sheep":1,"minecraft:zombie":1,"minecraft:pig":4,"ars_nouveau:wilden_stalker":1,"ars_nouveau:drygmy":2,"minecraft:chicken":2,"ars_nouveau:sylph":2,"minecraft:cod":1},"minecraft:used":{"minecraft:stone_sword":44,"minecraft:stone_pickaxe":1,"minecraft:wooden_pickaxe":35,"minecraft:dirt":14,"minecraft:mutton":1,"minecraft:oak_boat":2}},"DataVersion":2586}