{"stats":{"minecraft:killed_by":{"ars_nouveau:wilden_stalker":2,"minecraft:skeleton":2},"minecraft:dropped":{"minecraft:dirt":3,"ars_nouveau:worn_notebook":1,"minecraft:oak_log":1,"minecraft:oak_sapling":3,"minecraft:feather":2,"minecraft:wooden_sword":2,"minecraft:sand":16,"minecraft:wooden_pickaxe":3,"minecraft:black_wool":1},"minecraft:mined":{"minecraft:grass":1,"minecraft:grass_block":8,"minecraft:oak_log":7,"minecraft:dirt":9,"minecraft:stone":30,"minecraft:oak_leaves":1},"minecraft:picked_up":{"minecraft:stick":2,"minecraft:feather":2,"minecraft:chicken":1,"minecraft:wooden_pickaxe":1,"minecraft:porkchop":4,"minecraft:sand":16,"ars_nouveau:wilden_wing":1,"minecraft:oak_log":11,"minecraft:dirt":17,"mysticalagriculture:inferium_essence":2,"ars_nouveau:worn_notebook":2,"minecraft:iron_ingot":1,"minecraft:scute":5,"minecraft:oak_sapling":3,"minecraft:black_wool":1,"minecraft:mutton":1,"minecraft:cobblestone":30},"minecraft:custom":{"minecraft:time_since_rest":3221,"minecraft:sprint_one_cm":10443,"minecraft:damage_taken":1139,"minecraft:walk_one_cm":80211,"minecraft:mob_kills":11,"minecraft:drop":15,"minecraft:damage_dealt":987,"minecraft:interact_with_crafting_table":2,"minecraft:fly_one_cm":8769,"minecraft:play_one_minute":29039,"minecraft:crouch_one_cm":435,"minecraft:deaths":4,"minecraft:sneak_time":294,"minecraft:walk_under_water_one_cm":20351,"minecraft:boat_one_cm":200814,"minecraft:jump":276,"minecraft:walk_on_water_one_cm":14096,"minecraft:time_since_death":3190,"minecraft:fall_one_cm":4743},"minecraft:crafted":{"minecraft:wooden_sword":2,"minecraft:oak_boat":1,"minecraft:oak_planks":32,"minecraft:stick":16,"minecraft:wooden_pickaxe":2,"minecraft:stone_pickaxe":1,"minecraft:stone_sword":1},"minecraft:killed":{"minecraft:sheep":1,"minecraft:zombie":1,"minecraft:pig":3,"ars_nouveau:wilden_stalker":1,"ars_nouveau:drygmy":1,"minecraft:chicken":1,"minecraft:cod":1},"minecraft:used":{"minecraft:stone_sword":32,"minecraft:wooden_pickaxe":35,"minecraft:dirt":14,"minecraft:mutton":1,"minecraft:oak_boat":1}},"DataVersion":2586}