{"stats":{"minecraft:killed_by":{"ars_nouveau:wilden_stalker":1},"minecraft:dropped":{"minecraft:dirt":3,"ars_nouveau:worn_notebook":1,"minecraft:oak_log":1,"minecraft:oak_sapling":3,"minecraft:wooden_sword":2,"minecraft:wooden_pickaxe":3},"minecraft:mined":{"minecraft:grass_block":8,"minecraft:oak_log":5,"minecraft:dirt":9,"minecraft:stone":30},"minecraft:picked_up":{"minecraft:stick":2,"minecraft:wooden_pickaxe":1,"minecraft:oak_log":9,"minecraft:dirt":17,"ars_nouveau:worn_notebook":2,"minecraft:oak_sapling":3,"minecraft:cobblestone":30},"minecraft:custom":{"minecraft:time_since_rest":14697,"minecraft:sprint_one_cm":2426,"minecraft:damage_taken":454,"minecraft:walk_one_cm":39126,"minecraft:mob_kills":1,"minecraft:drop":11,"minecraft:damage_dealt":40,"minecraft:interact_with_crafting_table":2,"minecraft:fly_one_cm":2485,"minecraft:play_one_minute":17039,"minecraft:crouch_one_cm":435,"minecraft:deaths":1,"minecraft:sneak_time":292,"minecraft:walk_under_water_one_cm":10887,"minecraft:boat_one_cm":77809,"minecraft:jump":171,"minecraft:walk_on_water_one_cm":6030,"minecraft:time_since_death":14667,"minecraft:fall_one_cm":3197},"minecraft:crafted":{"minecraft:wooden_sword":2,"minecraft:oak_boat":1,"minecraft:oak_planks":32,"minecraft:stick":16,"minecraft:wooden_pickaxe":2,"minecraft:stone_pickaxe":1,"minecraft:stone_sword":1},"minecraft:killed":{"minecraft:cod":1},"minecraft:used":{"minecraft:stone_sword":1,"minecraft:wooden_pickaxe":35,"minecraft:dirt":14,"minecraft:oak_boat":1}},"DataVersion":2586}